ETAB_CODE,ETAB_NOM,ETAB_NOM_A,RSS_CODE,RSS_NOM,ADRESSE,CASE_POST,CODE_POSTA,MUN_CODE,MUN_NOM,CLSC_CODE,CLSC_NOM,MRC_CODE,MRC_NOM,RLS_CODE,RLS_NOM,RUIS_CODE,RUIS_NOM,STATUT_COD,MD_CONS_CO,MD_FINAN_C,DESIGN_MIN,INSTANCE,DATE_INCOR,LONGITUDE,LATITUDE,CHPSY,CHSGS,CHSLD,CLSC,CPEJ,CRDITED,CRDPA,CRDPM,CRDPV,CRDPL,CRJDA,CRMDA,CRD,DATE_MAJ
"16258899","Conseil cri de la santé et des services sociaux de la Baie James","CCSSS de la Baie James","18","Terres-Cries-de-la-Baie-James","Case postale 250"," ","J0M1E0","99814","Chisasibi","18011","Territoire Cri","993","Eeyou Istchee"," "," ","3","RUISSS Université McGill","1","2","1","0","N","2010-05-03",-78.89569854736328,53.78269958496094,"Non","Oui","Oui","Oui","Oui","Non","Non","Non","Non","Non","Oui","Non","Non","2026-03-23"
"11042686","Centre régional de santé et de services sociaux de la Baie-James","CRSSS de la Baie-James","10","Nord-du-Québec","312, 3e Rue"," ","G8P1N5","99025","Chibougamau","10014","Chibougamau-Chapais","991","Jamésie"," "," ","1","RUISSS Université Laval","1","2","1","0","N","2007-04-02",-74.35710144042969,49.91339874267578,"Non","Oui","Oui","Oui","Oui","Oui","Non","Non","Non","Non","Non","Non","Oui","2026-03-23"
"11042918","Centre hospitalier de l'Université de Montréal","CHUM","06","Montréal","850, rue Saint-Denis"," ","H2X0A9","66023","Montréal","06324","Montréal - Centre-Ville","660","Montréal","0632","RLS des Faubourgs - Plateau-Mont-Royal - St-Louis-du-Parc","2","RUISSS Université de Montréal","1","2","1","1","N"," ",-73.55590057373047,45.510799407958984,"Non","Oui","Non","Non","Non","Non","Non","Non","Non","Non","Non","Non","Non","2026-03-23"
"11044088","Centre intégré de santé et de services sociaux des Îles","CISSS des Îles","11","Gaspésie–Îles-de-la-Madeleine","430, chemin Principal (Cap-aux-Meules)"," ","G4T1R9","01023","Les Îles-de-la-Madeleine","11211","Îles-de-la-Madeleine","010","Communauté maritime des Îles-de-la-Madeleine","1121","RLS des Îles-de-la-Madeleine","1","RUISSS Université Laval","1","2","1","0","O","2007-04-11",-61.86880111694336,47.3755989074707,"Non","Oui","Oui","Oui","Non","Oui","Non","Non","Non","Non","Non","Non","Non","2026-03-23"
"11045119","Centre intégré de santé et de services sociaux du Bas-Saint-Laurent","CISSS du Bas-Saint-Laurent","01","Bas-Saint-Laurent","355, boulevard Saint-Germain Ouest"," ","G5L3N2","10043","Rimouski","01151","Rimouski-Neigette","100","Rimouski-Neigette","0115","RLS de Rimouski","1","RUISSS Université Laval","1","2","1","0","N"," ",-68.54049682617188,48.44340133666992,"Non","Oui","Oui","Oui","Oui","Oui","Oui","Oui","Oui","Non","Oui","Non","Oui","2026-03-23"
"11045127","Centre intégré universitaire de santé et de services sociaux du Saguenay – Lac-Saint-Jean","CIUSSS du Saguenay – Lac-Saint-Jean","02","Saguenay–Lac-Saint-Jean","305, rue Saint-Vallier"," ","G7H5H6","94068","Saguenay","02151","Saguenay","941","Saguenay","0215","RLS de Chicoutimi","1","RUISSS Université Laval","1","2","1","0","N"," ",-71.04000091552734,48.42129898071289,"Non","Oui","Oui","Oui","Oui","Oui","Oui","Oui","Oui","Non","Oui","Non","Oui","2026-03-23"
"11045135","Centre intégré universitaire de santé et de services sociaux de la Capitale-Nationale","CIUSSS de la Capitale-Nationale","03","Capitale-Nationale","2915, avenue du Bourg-Royal"," ","G1C3S2","23027","Québec","03133","Beauport","230","Québec","0313","RLS de Québec-Nord","1","RUISSS Université Laval","1","2","1","0","N"," ",-71.21980285644531,46.85660171508789,"Oui","Oui","Oui","Oui","Oui","Oui","Oui","Oui","Oui","Oui","Oui","Non","Oui","2026-03-23"
"11045143","Centre intégré universitaire de santé et de services sociaux de la Mauricie-et-du-Centre-du-Québec","CIUSSS de la Mauricie-et-du-Centre-du-Québec","04","Mauricie et Centre-du-Québec","858, terrasse Turcotte"," ","G9A5C5","37067","Trois-Rivières","04151","Trois-Rivières","371","Trois-Rivières","0415","RLS de Trois-Rivières","2","RUISSS Université de Montréal","1","2","1","0","N"," ",-72.53710174560547,46.34280014038086,"Non","Oui","Oui","Oui","Oui","Oui","Oui","Oui","Oui","Oui","Oui","Oui","Oui","2026-03-23"
"11045150","Centre intégré universitaire de santé et de services sociaux de l'Estrie – Centre hospitalier universitaire de Sherbrooke","CIUSSS de l'Estrie – CHUS","05","Estrie","375, rue Argyll"," ","J1J3H5","43027","Sherbrooke","05151","Sherbrooke","430","Sherbrooke","0515","RLS de Sherbrooke","4","RUISSS Université de Sherbrooke","1","2","1","0","N"," ",-71.91510009765625,45.40420150756836,"Non","Oui","Oui","Oui","Oui","Oui","Oui","Oui","Oui","Oui","Oui","Oui","Oui","2026-03-23"
"11045168","Centre intégré universitaire de santé et de services sociaux de l'Ouest-de-l'Île-de-Montréal","CIUSSS de l'Ouest-de-l'Île-de-Montréal","06","Montréal","2400, boulevard des Sources, 2e étage"," ","H9R0E9","66097","Pointe-Claire","06111","Lac Saint-Louis","660","Montréal","0611","RLS de Pierrefonds - Lac Saint-Louis","3","RUISSS Université McGill","1","2","1","0","N"," ",-73.83370208740234,45.44860076904297,"Non","Oui","Oui","Oui","Oui","Oui","Non","Non","Non","Non","Oui","Non","Non","2026-03-23"
"11045176","Centre intégré universitaire de santé et de services sociaux du Centre-Ouest-de-l'Île-de-Montréal","CIUSSS du Centre-Ouest-de-l'Île-de-Montréal","06","Montréal","3755, chemin de la Côte-Sainte-Catherine","bureau B-119","H3T1E2","66023","Montréal","06224","Côte-des-Neiges","660","Montréal","0622","RLS de Côte-des-Neiges - Métro - Parc-Extension","3","RUISSS Université McGill","1","2","1","0","N"," ",-73.62879943847656,45.497798919677734,"Non","Oui","Oui","Oui","Non","Non","Non","Non","Non","Non","Non","Non","Non","2026-03-23"
"11045184","Centre intégré universitaire de santé et de services sociaux du Centre-Sud-de-l'Île-de-Montréal","CIUSSS du Centre-Sud-de-l'Île-de-Montréal","06","Montréal","1560, rue Sherbrooke Est"," ","H2L4M1","66023","Montréal","06323","Montréal - Centre-Sud","660","Montréal","0632","RLS des Faubourgs - Plateau-Mont-Royal - St-Louis-du-Parc","2","RUISSS Université de Montréal","1","2","1","0","N"," ",-73.5635986328125,45.52539825439453,"Non","Oui","Oui","Oui","Oui","Oui","Oui","Oui","Oui","Oui","Oui","Non","Oui","2026-03-23"
"11045192","Centre intégré universitaire de santé et de services sociaux du Nord-de-l'Île-de-Montréal","CIUSSS du Nord-de-l'Île-de-Montréal","06","Montréal","5400, boulevard Gouin Ouest"," ","H4J1C5","66023","Montréal","06411","Bordeaux-Cartierville","660","Montréal","0641","RLS du Nord de l'Île - Saint-Laurent","2","RUISSS Université de Montréal","1","2","1","0","N"," ",-73.68769836425781,45.54759979248047,"Oui","Oui","Oui","Oui","Non","Non","Non","Non","Non","Non","Non","Non","Non","2026-03-23"
"11045200","Centre intégré universitaire de santé et de services sociaux de l'Est-de-l'Île-de-Montréal","CIUSSS de l'Est-de-l'Île-de-Montréal","06","Montréal","5415, boulevard de l'Assomption"," ","H1T2M4","66023","Montréal","06531","Rosemont","660","Montréal","0653","RLS de Hochelaga - Mercier-Ouest - Rosemont","2","RUISSS Université de Montréal","1","2","1","0","N"," ",-73.55850219726562,45.57419967651367,"Oui","Oui","Oui","Oui","Non","Non","Non","Non","Non","Non","Non","Non","Non","2026-03-23"
"11045218","Centre intégré de santé et de services sociaux de l'Outaouais","CISSS de l'Outaouais","07","Outaouais","70, rue Crémazie, 9e étage"," ","J8Y3P2","81017","Gatineau","07142","Hull","810","Gatineau","0714","RLS de Grande-Rivière - Hull - Gatineau","3","RUISSS Université McGill","1","2","1","0","N"," ",-75.722900390625,45.480201721191406,"Non","Oui","Oui","Oui","Oui","Oui","Oui","Oui","Oui","Non","Oui","Non","Oui","2026-03-23"
"11045226","Centre intégré de santé et de services sociaux de l'Abitibi-Témiscamingue","CISSS de l'Abitibi-Témiscamingue","08","Abitibi-Témiscamingue","1, 9e Rue"," ","J9X2A9","86042","Rouyn-Noranda","08131","Rouyn-Noranda","860","Rouyn-Noranda","0813","RLS de Rouyn-Noranda","3","RUISSS Université McGill","1","2","1","0","N"," ",-79.02100372314453,48.24340057373047,"Non","Oui","Oui","Oui","Oui","Oui","Oui","Oui","Oui","Oui","Oui","Non","Oui","2026-03-23"
"11045234","Centre intégré de santé et de services sociaux de la Côte-Nord","CISSS de la Côte-Nord","09","Côte-Nord","835, boulevard Jolliet"," ","G5C1P5","96020","Baie-Comeau","09123","Manicouagan","960","Manicouagan","0912","RLS de la Haute-Côte-Nord  - Manicouagan","1","RUISSS Université Laval","1","2","1","0","N"," ",-68.25700378417969,49.190399169921875,"Non","Oui","Oui","Oui","Oui","Oui","Oui","Oui","Oui","Oui","Oui","Non","Oui","2026-03-23"
"11045242","Centre intégré de santé et de services sociaux de la Gaspésie","CISSS de la Gaspésie","11","Gaspésie–Îles-de-la-Madeleine","215, boulevard de York Ouest"," ","G4X2W2","03005","Gaspé","11132","Gaspé","030","La Côte-de-Gaspé","1113","RLS de La Côte-de-Gaspé","1","RUISSS Université Laval","1","2","1","0","N"," ",-64.49669647216797,48.81290054321289,"Non","Oui","Oui","Oui","Oui","Oui","Oui","Oui","Oui","Non","Oui","Non","Oui","2026-03-23"
"11045267","Centre intégré de santé et de services sociaux de Laval","CISSS de Laval","13","Laval","1755, boulevard René-Laennec"," ","H7M3L9","65005","Laval","13113","Pont-Viau","650","Laval","1311","RLS de Laval","2","RUISSS Université de Montréal","1","2","1","0","N"," ",-73.71080017089844,45.60329818725586,"Non","Oui","Oui","Oui","Oui","Oui","Non","Oui","Non","Non","Oui","Non","Oui","2026-03-23"
"11045275","Centre intégré de santé et de services sociaux de Lanaudière","CISSS de Lanaudière","14","Lanaudière","260, rue Lavaltrie Sud"," ","J6E5X7","61025","Joliette","14113","Joliette","610","Joliette","1411","RLS de Lanaudière-Nord","2","RUISSS Université de Montréal","1","2","1","0","N"," ",-73.44110107421875,46.0181999206543,"Non","Oui","Oui","Oui","Oui","Oui","Oui","Oui","Oui","Oui","Oui","Non","Oui","2026-03-23"
"11045283","Centre intégré de santé et de services sociaux des Laurentides","CISSS des Laurentides","15","Laurentides","290, rue de Montigny"," ","J7Z5T3","75017","Saint-Jérôme","15161","La Rivière-du-Nord - Mirabel","750","La Rivière-du-Nord","1516","RLS de la Rivière-du-Nord - Mirabel-Nord","2","RUISSS Université de Montréal","1","2","1","0","N"," ",-74.00019836425781,45.76559829711914,"Non","Oui","Oui","Oui","Oui","Oui","Oui","Oui","Oui","Oui","Oui","Non","Oui","2026-03-23"
"11045291","Centre intégré de santé et de services sociaux de la Montérégie-Centre","CISSS de la Montérégie-Centre","16","Montérégie","3141, boulevard Taschereau, bureau 220"," ","J4V2H2","58227","Longueuil","16111","Brossard - Saint-Lambert","580","Longueuil","1611","RLS de Champlain","2","RUISSS Université de Montréal","1","2","1","0","N"," ",-73.48419952392578,45.497798919677734,"Non","Oui","Oui","Oui","Non","Non","Non","Non","Oui","Non","Non","Non","Non","2026-03-23"
"11045309","Centre intégré de santé et de services sociaux de la Montérégie-Est","CISSS de la Montérégie-Est","16","Montérégie","2750, boulevard Laframboise"," ","J2S4Y8","54048","Saint-Hyacinthe","16222","Les Maskoutains","540","Les Maskoutains","1622","RLS de Richelieu-Yamaska","4","RUISSS Université de Sherbrooke","1","2","1","0","N"," ",-72.95950317382812,45.63479995727539,"Non","Oui","Oui","Oui","Oui","Non","Non","Oui","Non","Non","Oui","Non","Non","2026-03-23"
"11045317","Centre intégré de santé et de services sociaux de la Montérégie-Ouest","CISSS de la Montérégie-Ouest","16","Montérégie","200, boulevard Brisebois"," ","J6K4W8","67050","Châteauguay","16341","Châteauguay-Mercier","670","Roussillon","1634","RLS de Jardins-Roussillon","3","RUISSS Université McGill","1","2","1","0","N"," ",-73.76339721679688,45.345699310302734,"Non","Oui","Oui","Oui","Non","Oui","Oui","Oui","Non","Oui","Non","Non","Oui","2026-03-23"
"11045333","Centre intégré de santé et de services sociaux de Chaudière-Appalaches","CISSS de Chaudière-Appalaches","12","Chaudière-Appalaches","363, route Cameron"," ","G6E3E2","26030","Sainte-Marie","12115","La Nouvelle-Beauce","260","La Nouvelle-Beauce","1211","RLS Alphonse-Desjardins","1","RUISSS Université Laval","1","2","1","0","N"," ",-71.04519653320312,46.46480178833008,"Non","Oui","Oui","Oui","Oui","Oui","Oui","Oui","Oui","Non","Oui","Non","Oui","2026-03-23"
"11045051","CHU de Québec – Université Laval","CHU de Québec – UL","03","Capitale-Nationale","11, côte du Palais"," ","G1R2J6","23027","Québec","03124","Québec - Haute-Ville","230","Québec","0312","RLS de Québec-Sud","1","RUISSS Université Laval","1","2","1","1","N"," ",-71.21099853515625,46.815399169921875,"Non","Oui","Non","Non","Non","Non","Non","Non","Non","Non","Non","Non","Non","2026-03-23"
"11097029","Hôpital juif de réadaptation","Hôpital juif de réadaptation","13","Laval","3205, place Alton-Goldbloom"," ","H7V1R2","65005","Laval","13114","Chomedey","650","Laval","1311","RLS de Laval","2","RUISSS Université de Montréal","1","6","1","0","N","2007-04-03",-73.73760223388672,45.54869842529297,"Non","Oui","Non","Non","Non","Non","Non","Non","Non","Non","Non","Non","Non","2026-03-23"
"12363412","Centre de santé et de services sociaux du Haut-Saint-Laurent","CSSS du Haut-Saint-Laurent","16","Montérégie","28, rue Gale"," ","J0S1K0","69037","Ormstown","16331","Haut-Saint-Laurent","690","Le Haut-Saint-Laurent","1633","RLS du Haut-Saint-Laurent","3","RUISSS Université McGill","1","4","1","0","O","2007-04-10",-73.9999008178711,45.12630081176758,"Non","Oui","Oui","Oui","Non","Non","Non","Non","Non","Non","Non","Non","Non","2026-03-23"
"12409991","Hôpital Jeffery Hale - Saint Brigid's","Hôpital Jeffery Hale - Saint Brigid's","03","Capitale-Nationale","1250, chemin Sainte-Foy"," ","G1S2M6","23027","Québec","03124","Québec - Haute-Ville","230","Québec","0312","RLS de Québec-Sud","1","RUISSS Université Laval","1","4","1","0","N","2007-04-10",-71.25309753417969,46.796600341796875,"Non","Oui","Oui","Non","Non","Non","Non","Non","Non","Non","Non","Non","Non","2026-03-23"
"12420774","Hôpital Santa Cabrini","Hôpital Santa Cabrini","06","Montréal","5655, rue Saint-Zotique Est"," ","H1T1P7","66023","Montréal","06531","Rosemont","660","Montréal","0653","RLS de Hochelaga - Mercier-Ouest - Rosemont","2","RUISSS Université de Montréal","1","4","1","0","N","2007-04-03",-73.57170104980469,45.580101013183594,"Non","Oui","Oui","Non","Non","Non","Non","Non","Non","Non","Non","Non","Non","2026-03-23"
"12431656","Institut de cardiologie de Montréal","ICM","06","Montréal","5000, rue Bélanger"," ","H1T1C8","66023","Montréal","06531","Rosemont","660","Montréal","0653","RLS de Hochelaga - Mercier-Ouest - Rosemont","2","RUISSS Université de Montréal","1","4","1","2","N"," ",-73.57779693603516,45.57379913330078,"Non","Oui","Non","Non","Non","Non","Non","Non","Non","Non","Non","Non","Non","2026-03-23"
"12452645","Hôpital Marie-Clarac des Soeurs de Charité de Ste-Marie (1995) inc.","Hôpital Marie-Clarac des Soeurs de Charité de Ste-Marie","06","Montréal","3530, boulevard Gouin Est"," ","H1H1B7","66023","Montréal","06422","Montréal-Nord","660","Montréal","0642","RLS d'Ahuntsic - Montréal-Nord","2","RUISSS Université de Montréal","2","1","2","0","N","2010-02-24",-73.64969635009766,45.59080123901367,"Non","Oui","Non","Non","Non","Non","Non","Non","Non","Non","Non","Non","Non","2026-03-23"
"12599213","Centre universitaire de santé McGill","CUSM","06","Montréal","1001, boulevard Décarie"," ","H4A3J1","66023","Montréal","06212","Notre-Dame-de-Grâce - Montréal-Ouest","660","Montréal","0621","RLS de Côte-Saint-Luc - NDG - Montréal-Ouest","3","RUISSS Université McGill","1","2","1","1","N","2007-04-04",-73.58899688720703,45.49700164794922,"Non","Oui","Oui","Non","Non","Non","Non","Non","Non","Non","Non","Non","Non","2026-03-23"
"12685608","L'Hôpital général juif Sir Mortimer B. Davis","L'Hôpital général juif Sir Mortimer B. Davis","06","Montréal","3755, chemin de la Côte-Sainte-Catherine"," ","H3T1E2","66023","Montréal","06224","Côte-des-Neiges","660","Montréal","0622","RLS de Côte-des-Neiges - Métro - Parc-Extension","3","RUISSS Université McGill","1","6","1","4","N","2007-05-07",-73.62879943847656,45.497798919677734,"Non","Oui","Non","Non","Non","Non","Non","Non","Non","Non","Non","Non","Non","2026-03-23"
"12694659","Centre hospitalier universitaire Sainte-Justine","CHU Sainte-Justine","06","Montréal","3175, chemin de la Côte-Sainte-Catherine"," ","H3T1C5","66023","Montréal","06224","Côte-des-Neiges","660","Montréal","0622","RLS de Côte-des-Neiges - Métro - Parc-Extension","3","RUISSS Université McGill","1","6","1","1","N"," ",-73.6249008178711,45.50320053100586,"Non","Oui","Oui","Non","Non","Non","Non","Oui","Non","Non","Non","Non","Non","2026-03-23"
"12730628","Centre de santé Tulattavik de l'Ungava","Centre de santé Tulattavik de l'Ungava","17","Nunavik","Kuujjuaq","case postale 149","J0M1C0","99095","Kuujjuaq","17012","Ungava","992","Administration régionale Kativik"," "," ","3","RUISSS Université McGill","1","2","1","0","N","2010-05-03",-68.4052963256836,58.106998443603516,"Non","Oui","Oui","Oui","Oui","Non","Non","Non","Non","Non","Oui","Non","Non","2026-03-23"
"12745725","Centre hospitalier de St. Mary","Centre hospitalier de St. Mary","06","Montréal","3830, avenue Lacombe"," ","H3T1M5","66023","Montréal","06224","Côte-des-Neiges","660","Montréal","0622","RLS de Côte-des-Neiges - Métro - Parc-Extension","3","RUISSS Université McGill","1","6","1","4","N","2007-04-04",-73.62409973144531,45.49489974975586,"Non","Oui","Non","Non","Non","Non","Non","Non","Non","Non","Non","Non","Non","2026-03-23"
"13388905","Centre métropolitain de chirurgie plastique inc.","Centre métropolitain de chirurgie plastique inc.","06","Montréal","999, rue de Salaberry"," ","H3L1L2","66023","Montréal","06421","Ahuntsic","660","Montréal","0642","RLS d'Ahuntsic - Montréal-Nord","2","RUISSS Université de Montréal","2","3","4","0","N","2010-02-24",-73.69290161132812,45.5453987121582,"Non","Oui","Non","Non","Non","Non","Non","Non","Non","Non","Non","Non","Non","2026-03-23"
"13469796","Hôpital Mont-Sinaï","Hôpital Mont-Sinaï","06","Montréal","5690, boulevard Cavendish"," ","H4W1S7","66058","Côte-Saint-Luc","06211","Côte-Saint-Luc","660","Montréal","0621","RLS de Côte-Saint-Luc - NDG - Montréal-Ouest","3","RUISSS Université McGill","1","6","1","0","N","2007-04-03",-73.65730285644531,45.47380065917969,"Non","Oui","Oui","Non","Non","Non","Non","Non","Non","Non","Non","Non","Non","2026-03-23"
"13506472","Hôpital Shriners pour enfants (Québec) inc.","Hôpital Shriners pour enfants (Québec) inc.","06","Montréal","1003, boulevard Décarie"," ","H4A0A9","66023","Montréal","06212","Notre-Dame-de-Grâce - Montréal-Ouest","660","Montréal","0621","RLS de Côte-Saint-Luc - NDG - Montréal-Ouest","3","RUISSS Université McGill","2","3","2","0","N","2010-02-24",-73.60199737548828,45.4718017578125,"Non","Oui","Non","Non","Non","Non","Non","Non","Non","Non","Non","Non","Non","2026-03-23"
"13623616","Institut universitaire de cardiologie et de pneumologie de Québec – Université Laval","IUCPQ – UL","03","Capitale-Nationale","2725, chemin Sainte-Foy"," ","G1V4G5","23027","Québec","03123","Sainte-Foy - Sillery","230","Québec","0312","RLS de Québec-Sud","1","RUISSS Université Laval","1","2","1","2","N"," ",-71.29769897460938,46.77909851074219,"Non","Oui","Non","Non","Non","Non","Non","Non","Non","Non","Non","Non","Non","2026-03-23"
"13818596","Centre de santé et de services sociaux - Institut universitaire de gériatrie de Sherbrooke","CSSS- Institut universitaire de gériatrie de Sherbrooke","05","Estrie","1036, rue Belvédère Sud"," ","J1H4C4","43027","Sherbrooke","05151","Sherbrooke","430","Sherbrooke","0515","RLS de Sherbrooke","4","RUISSS Université de Sherbrooke","1","2","1","9","O","2007-04-02",-71.89510345458984,45.39070129394531,"Non","Oui","Oui","Oui","Non","Non","Non","Non","Non","Non","Non","Non","Non","2026-03-23"
"16322059","La Maison Michel-Sarrazin","La Maison Michel-Sarrazin","03","Capitale-Nationale","2101, chemin Saint-Louis"," ","G1T1P5","23027","Québec","03123","Sainte-Foy - Sillery","230","Québec","0312","RLS de Québec-Sud","1","RUISSS Université Laval","2","4","6","0","N","2010-02-24",-71.25160217285156,46.77349853515625,"Non","Oui","Non","Non","Non","Non","Non","Non","Non","Non","Non","Non","Non","2026-03-23"
"16802704","Conseil des Mohawks de Kahnawake","Conseil des Mohawks de Kahnawake","16","Montérégie","Case postale 720"," ","J0L1B0","67802","Kahnawake","16341","Châteauguay-Mercier","670","Roussillon","1634","RLS de Jardins-Roussillon","3","RUISSS Université McGill","2","0","6","0","N","2010-02-24",-73.67639923095703,45.41389846801758,"Non","Oui","Oui","Non","Non","Non","Non","Non","Non","Non","Non","Non","Non","2026-03-23"
"18456327","Centre de santé Inuulitsivik - Inuulitsivik Healthcenter","Centre de santé Inuulitsivik","17","Nunavik","Chemin Baie d'Hudson"," ","J0M1P0","99120","Puvirnituq","17011","Baie D'Hudson","992","Administration régionale Kativik"," "," ","3","RUISSS Université McGill","1","2","1","0","N","2010-05-03",-77.27580261230469,60.03770065307617,"Non","Oui","Oui","Oui","Oui","Non","Non","Non","Non","Non","Oui","Non","Non","2026-03-23"
"29732187","Villa Medica inc.","Villa Medica inc.","06","Montréal","225, rue Sherbrooke Est"," ","H2X1C9","66023","Montréal","06321","Saint-Louis-du-Parc","660","Montréal","0632","RLS des Faubourgs - Plateau-Mont-Royal - St-Louis-du-Parc","2","RUISSS Université de Montréal","2","1","2","0","N","2010-02-24",-73.5687026977539,45.51499938964844,"Non","Oui","Non","Non","Non","Non","Non","Non","Non","Non","Non","Non","Non","2026-03-23"
"11043163","CHSLD Résidence Bourg-Joli inc.","CHSLD Résidence Bourg-Joli inc.","16","Montérégie","2915, boulevard Laframboise"," ","J2S4Z3","54048","Saint-Hyacinthe","16222","Les Maskoutains","540","Les Maskoutains","1622","RLS de Richelieu-Yamaska","4","RUISSS Université de Sherbrooke","2","1","4","0","N","2010-02-24",-72.96420288085938,45.63349914550781,"Non","Non","Oui","Non","Non","Non","Non","Non","Non","Non","Non","Non","Non","2026-03-23"
"11045085","Centre d'hébergement et de soins de longue durée de Saint-Jean-sur-Richelieu S.E.C.","CHSLD de Saint-Jean-sur-Richelieu S.E.C.","16","Montérégie","40, rue Labrèche"," ","J3B0J3","56083","Saint-Jean-sur-Richelieu","16122","Saint-Jean-sur-Richelieu - Saint-Luc","560","Le Haut-Richelieu","1612","RLS du Haut-Richelieu - Rouville","4","RUISSS Université de Sherbrooke","2","0","2","0","N"," ",-73.2614974975586,45.31159973144531,"Non","Non","Oui","Non","Non","Non","Non","Non","Non","Non","Non","Non","Non","2026-03-23"
"27508456","Centre d'hébergement St-Jean-Eudes inc.","Centre d'hébergement St-Jean-Eudes inc.","03","Capitale-Nationale","6000, 3e Avenue Ouest"," ","G1H7J5","23027","Québec","03132","Charlesbourg","230","Québec","0313","RLS de Québec-Nord","1","RUISSS Université Laval","2","1","2","0","N","2010-02-24",-71.2594985961914,46.85049819946289,"Non","Non","Oui","Non","Non","Non","Non","Non","Non","Non","Non","Non","Non","2026-03-23"
"11043981","Prodimax inc.","Prodimax inc.","13","Laval","1050, 15e avenue"," ","H7R4N9","65005","Laval","13111","Sainte-Rose-de-Laval","650","Laval","1311","RLS de Laval","2","RUISSS Université de Montréal","2","1","2","0","N","2010-02-24",-73.85890197753906,45.562198638916016,"Non","Non","Oui","Non","Non","Non","Non","Non","Non","Non","Non","Non","Non","2026-03-23"
"11053147","Centre d'hébergement et de soins de longue durée Michèle-Bohec inc.","CHSLD Michèle-Bohec inc.","14","Lanaudière","751, rue Marcel-De La Sablonnière"," ","J6Y0M4","64008","Terrebonne","14121","Les Moulins","640","Les Moulins","1412","RLS de Lanaudière-Sud","2","RUISSS Université de Montréal","2","2","2","0","N"," ",-73.72859954833984,45.687198638916016,"Non","Non","Oui","Non","Non","Non","Non","Non","Non","Non","Non","Non","Non","2026-03-23"
"23237407","Placements M.G.O. inc.","Placements M.G.O. inc.","13","Laval","5855, rue Boulard"," ","H7B1A3","65005","Laval","13112","Duvernay","650","Laval","1311","RLS de Laval","2","RUISSS Université de Montréal","2","1","2","0","N","2010-02-24",-73.64739990234375,45.68659973144531,"Non","Non","Oui","Non","Non","Non","Non","Non","Non","Non","Non","Non","Non","2026-03-23"
"13027073","Centre d'hébergement du Boisé Ltée","Centre d'hébergement du Boisé Ltée","03","Capitale-Nationale","3690, boulevard Neilson"," ","G1W0A9","23027","Québec","03123","Sainte-Foy - Sillery","230","Québec","0312","RLS de Québec-Sud","1","RUISSS Université Laval","2","1","2","0","N","2010-02-23",-71.32140350341797,46.75400161743164,"Non","Non","Oui","Non","Non","Non","Non","Non","Non","Non","Non","Non","Non","2026-03-23"
"12562179","Maison Elizabeth","Maison Elizabeth","06","Montréal","2131, avenue de Marlowe"," ","H4A3L4","66023","Montréal","06212","Notre-Dame-de-Grâce - Montréal-Ouest","660","Montréal","0621","RLS de Côte-Saint-Luc - NDG - Montréal-Ouest","3","RUISSS Université McGill","2","4","1","0","N","2010-02-24",-73.60690307617188,45.47520065307617,"Non","Non","Non","Non","Non","Non","Non","Non","Non","Non","Non","Oui","Non","2026-03-23"
"11045382","Centre d'hébergement et de soins de longue durée au Cœur-de-la-Vie inc.","CHSLD au Cœur-de-la-Vie inc.","15","Laurentides","325, rue Barrette, 1er étage"," ","J7Y0J8","75017","Saint-Jérôme","15161","La Rivière-du-Nord - Mirabel","750","La Rivière-du-Nord","1516","RLS de la Rivière-du-Nord - Mirabel-Nord","2","RUISSS Université de Montréal","2","1","2","0","N"," ",-74.01439666748047,45.77750015258789,"Non","Non","Oui","Non","Non","Non","Non","Non","Non","Non","Non","Non","Non","2026-03-23"
"13793781","CHSLD Juif de Montréal","CHSLD Juif de Montréal","06","Montréal","5725, avenue Victoria"," ","H3W3H6","66023","Montréal","06223","Snowdon","660","Montréal","0622","RLS de Côte-des-Neiges - Métro - Parc-Extension","3","RUISSS Université McGill","1","6","1","0","N","2007-04-04",-73.63379669189453,45.49300003051758,"Non","Non","Oui","Non","Non","Non","Non","Non","Non","Non","Non","Non","Non","2026-03-23"
"11054582","Centre d'hébergement et de soins de longue durée Côté-Jardin inc.","Centre d'hébergement et de soins de longue durée Côté-J","03","Capitale-Nationale","880, avenue Painchaud"," ","G1S0A3","23027","Québec","03123","Sainte-Foy - Sillery","230","Québec","0312","RLS de Québec-Sud","1","RUISSS Université Laval","2","7","2","0","N"," ",-71.26100158691406,46.78820037841797,"Non","Non","Oui","Non","Non","Non","Non","Non","Non","Non","Non","Non","Non","2026-03-23"
"11044674","Centre d'hébergement et de soins de longue durée du Manoir-de-l'Ouest-de-l'Île, S.E.C.","CHSLD du Manoir-de-l'Ouest-de-l'Île, S.E.C.","06","Montréal","17725, boulevard de Pierrefonds"," ","H9J3L1","66023","Montréal","06112","Pierrefonds","660","Montréal","0611","RLS de Pierrefonds - Lac Saint-Louis","3","RUISSS Université McGill","2","0","2","0","N","2010-02-24",-73.8855972290039,45.46289825439453,"Non","Non","Oui","Non","Non","Non","Non","Non","Non","Non","Non","Non","Non","2026-03-23"
"16802621","Pekuakamiulnuatsh Takuhikan","Pekuakamiulnuatsh Takuhikan","02","Saguenay–Lac-Saint-Jean","65, rue Uapakalu"," ","G0W2H0","91802","Mashteuiatsh","02111","Domaine-du-Roy","910","Le Domaine-du-Roy","0211","RLS du Domaine-du-Roy","1","RUISSS Université Laval","2","0","4","0","N","2010-02-23",-72.22930145263672,48.57630157470703,"Non","Non","Oui","Non","Non","Non","Non","Non","Non","Non","Non","Non","Non","2026-03-23"
"11043791","CHSLD de la Côte Boisée inc.","CHSLD de la Côte Boisée inc.","14","Lanaudière","4300, rue d'Angora"," ","J6X4P1","64008","Terrebonne","14121","Les Moulins","640","Les Moulins","1412","RLS de Lanaudière-Sud","2","RUISSS Université de Montréal","2","1","2","0","N","2010-02-24",-73.6615982055664,45.712799072265625,"Non","Non","Oui","Non","Non","Non","Non","Non","Non","Non","Non","Non","Non","2026-03-23"
"11044815","Vigi Santé Ltée","Vigi Santé Ltée","06","Montréal","197, rue Thornhill"," ","H9B3H8","66142","Dollard-des-Ormeaux","06113","Dollard-des-Ormeaux","660","Montréal","0611","RLS de Pierrefonds - Lac Saint-Louis","3","RUISSS Université McGill","2","1","2","0","N","2012-05-15",-73.81610107421875,45.480201721191406,"Non","Non","Oui","Non","Non","Non","Non","Non","Non","Non","Non","Non","Non","2026-03-23"
"12825188","Résidence Riviera inc.","Résidence Riviera inc.","13","Laval","2999, boulevard Notre-Dame"," ","H7V4C4","65005","Laval","13114","Chomedey","650","Laval","1311","RLS de Laval","2","RUISSS Université de Montréal","2","3","2","0","N","2010-02-24",-73.7343978881836,45.54869842529297,"Non","Non","Oui","Non","Non","Non","Non","Non","Non","Non","Non","Non","Non","2026-03-23"
"25457094","Hôpital Ste-Monique inc.","Hopital Ste-Monique Inc.","03","Capitale-Nationale","6125, boulevard Wilfrid-Hamel"," ","G2E5W2","23057","L'Ancienne-Lorette","03121","Laurentien","230","Québec","0312","RLS de Québec-Sud","1","RUISSS Université Laval","2","1","2","0","N","2010-02-24",-71.34239959716797,46.79819869995117,"Non","Non","Oui","Non","Non","Non","Non","Non","Non","Non","Non","Non","Non","2026-03-23"
"11044997","Centre d'hébergement et de soins de longue durée de Sainte-Catherine S.E.C.","CHSLD de Sainte-Catherine S.E.C.","16","Montérégie","3065, boulevard Marie-Victorin"," ","J5C1Z3","67030","Sainte-Catherine","16342","Saint-Constant - La Prairie","670","Roussillon","1634","RLS de Jardins-Roussillon","3","RUISSS Université McGill","2","0","2","0","N"," ",-73.54340362548828,45.400299072265625,"Non","Non","Oui","Non","Non","Non","Non","Non","Non","Non","Non","Non","Non","2026-03-23"
"12652384","Havre-Jeunesse","Havre-Jeunesse","06","Montréal","4360, boulevard Lasalle"," ","H4G2A8","66023","Montréal","06313","Verdun","660","Montréal","0631","RLS de Verdun - Côte St-Paul - St-Henri - Pointe-St-Charles","2","RUISSS Université de Montréal","2","4","1","0","N","2010-02-24",-73.56269836425781,45.460201263427734,"Non","Non","Non","Non","Non","Non","Non","Non","Non","Non","Oui","Non","Non","2026-03-23"
"29490414","Foyer Saints-Anges de Ham-Nord inc.","Foyer Saints-Anges de Ham-Nord inc.","04","Mauricie et Centre-du-Québec","493, rue Principale","case postale 269","G0P1A0","39010","Ham-Nord","04181","Arthabaska","390","Arthabaska","0418","RLS d’Arthabaska-et-de-L’Érable","4","RUISSS Université de Sherbrooke","2","1","6","0","N","2010-02-23",-71.64779663085938,45.90380096435547,"Non","Non","Oui","Non","Non","Non","Non","Non","Non","Non","Non","Non","Non","2026-03-23"
"11045069","Centre d'hébergement et de soins de longue durée Argyle inc.","CHSLD Argyle inc.","16","Montérégie","33, avenue Argyle"," ","J4P3P5","58012","Saint-Lambert","16111","Brossard - Saint-Lambert","580","Longueuil","1611","RLS de Champlain","2","RUISSS Université de Montréal","2","1","4","0","N","2014-07-30",-73.51470184326172,45.50149917602539,"Non","Non","Oui","Non","Non","Non","Non","Non","Non","Non","Non","Non","Non","2026-03-23"
"11043866","CLSC Naskapi","CLSC Naskapi","09","Côte-Nord","1016, rue Mohannis","Case postale 5154","G0G2Z0","97806","Kawawachikamach","09171","Territoire Naskapi","972","Caniapiscau","0917","RLS de Kawawachikamach","1","RUISSS Université Laval","1","2","1","0","O","2002-10-15",-66.76429748535156,54.86119842529297,"Non","Non","Non","Oui","Non","Non","Non","Non","Non","Non","Non","Non","Non","2026-03-23"
"12892303","L'Hôpital chinois de Montréal (1963)","L'Hôpital chinois de Montréal (1963)","06","Montréal","189, avenue Viger Est"," ","H2X3Y9","66023","Montréal","06324","Montréal - Centre-Ville","660","Montréal","0632","RLS des Faubourgs - Plateau-Mont-Royal - St-Louis-du-Parc","2","RUISSS Université de Montréal","1","4","1","0","N","2007-05-04",-73.55809783935547,45.50960159301758,"Non","Non","Oui","Non","Non","Non","Non","Non","Non","Non","Non","Non","Non","2026-03-23"
"21491527","Château Westmount inc.","Château Westmount inc.","06","Montréal","4860, boulevard De Maisonneuve Ouest"," ","H3Z3G2","66032","Westmount","06225","Métro","660","Montréal","0622","RLS de Côte-des-Neiges - Métro - Parc-Extension","3","RUISSS Université McGill","2","1","2","0","N","2010-02-24",-73.6001968383789,45.47719955444336,"Non","Non","Oui","Non","Non","Non","Non","Non","Non","Non","Non","Non","Non","2026-03-23"
"11044864","Centre d'hébergement et de soins de longue durée de Saint-Lambert-sur-le-Golf inc.","CHSLD de Saint-Lambert-sur-le-Golf inc.","16","Montérégie","549, rue de Verrazano"," ","J4B7W2","58033","Boucherville","16213","Lajemmerais","580","Longueuil","1621","RLS Pierre-Boucher","2","RUISSS Université de Montréal","2","6","2","0","N","2012-05-15",-73.44439697265625,45.602500915527344,"Non","Non","Oui","Non","Non","Non","Non","Non","Non","Non","Non","Non","Non","2026-03-23"
"12366043","CHSLD Bayview inc.","CHSLD Bayview inc.","06","Montréal","27, chemin Lakeshore"," ","H9S4H1","66097","Pointe-Claire","06111","Lac Saint-Louis","660","Montréal","0611","RLS de Pierrefonds - Lac Saint-Louis","3","RUISSS Université McGill","2","1","2","0","N","2010-02-24",-73.7865982055664,45.44860076904297,"Non","Non","Oui","Non","Non","Non","Non","Non","Non","Non","Non","Non","Non","2026-03-23"
"11043437","Conseil de la Nation Atikamekw","Conseil de la Nation Atikamekw","04","Mauricie et Centre-du-Québec","Wemotaci"," ","G0X3R0","90802","Wemotaci","04111","Haut-Saint-Maurice","900","La Tuque","0411","RLS du Haut-Saint-Maurice","2","RUISSS Université de Montréal","2","0","4","0","N","2010-02-23",-73.78730010986328,47.9025993347168,"Non","Non","Non","Non","Non","Non","Non","Non","Non","Non","Oui","Non","Non","2026-03-23"
"28876449","Centre d'hébergement et de soins de longue durée de La Maison Legault inc.","CHSLD de La Maison Legault inc.","03","Capitale-Nationale","3035, chemin Saint-Louis"," ","G1W1R5","23027","Québec","03123","Sainte-Foy - Sillery","230","Québec","0312","RLS de Québec-Sud","1","RUISSS Université Laval","2","0","4","0","N","2010-02-24",-71.2885971069336,46.7578010559082,"Non","Non","Oui","Non","Non","Non","Non","Non","Non","Non","Non","Non","Non","2026-03-23"
"11045010","Centre d'hébergement et de soins de longue durée de Laval S.E.C.","CHSLD de Laval S.E.C.","13","Laval","2805, boulevard Chomedey"," ","H7P0C2","65005","Laval","13111","Sainte-Rose-de-Laval","650","Laval","1311","RLS de Laval","2","RUISSS Université de Montréal","2","0","2","0","N"," ",-73.7666015625,45.570899963378906,"Non","Non","Oui","Non","Non","Non","Non","Non","Non","Non","Non","Non","Non","2026-03-23"
"12453676","Clinique communautaire de Pointe St-Charles","Clinique communautaire de Pointe St-Charles","06","Montréal","500, avenue Ash"," ","H3K2R4","66023","Montréal","06314","Pointe-Saint-Charles","660","Montréal","0631","RLS de Verdun - Côte St-Paul - St-Henri - Pointe-St-Charles","2","RUISSS Université de Montréal","2","4","2","0","N","2010-02-24",-73.55690002441406,45.47829818725586,"Non","Non","Non","Oui","Non","Non","Non","Non","Non","Non","Non","Non","Non","2026-03-23"
"11043999","Santé Courville inc.","Santé Courville inc.","13","Laval","5200, 80e Rue"," ","H7R5T6","65005","Laval","13111","Sainte-Rose-de-Laval","650","Laval","1311","RLS de Laval","2","RUISSS Université de Montréal","2","1","6","0","N","2010-02-24",-73.8550033569336,45.54330062866211,"Non","Non","Oui","Non","Non","Non","Non","Non","Non","Non","Non","Non","Non","2026-03-23"
"16802498","Bande Indienne des Montagnais de Sept-Iles et Maliotenam","Bande Ind. des Montagnais de Sept-Iles et Maliotenam","09","Côte-Nord","1089, avenue de Quen","case postale 8000","G4R4L9","97802","Uashat","09141","Sept-Îles","971","Sept-Rivières","0914","RLS de Sept-Îles","1","RUISSS Université Laval","2","0","4","0","N","2010-02-24",-66.40370178222656,50.22119903564453,"Non","Non","Non","Non","Non","Oui","Non","Oui","Non","Non","Oui","Non","Non","2026-03-23"
"12114922","Atelier le Fil d'Ariane inc.","Atelier le Fil d'Ariane inc.","06","Montréal","4837, rue Boyer, app. 100"," ","H2J3E6","66023","Montréal","06322","Plateau-Mont-Royal","660","Montréal","0632","RLS des Faubourgs - Plateau-Mont-Royal - St-Louis-du-Parc","2","RUISSS Université de Montréal","2","4","1","0","N","2010-02-24",-73.58380126953125,45.52939987182617,"Non","Non","Non","Non","Non","Oui","Non","Non","Non","Non","Non","Non","Non","2026-03-23"
"13146477","La corporation du Centre hospitalier gériatrique Maimonides","La corporation du Centre hosp. gériatrique Maimonides","06","Montréal","5795, avenue Caldwell"," ","H4W1W3","66058","Côte-Saint-Luc","06211","Côte-Saint-Luc","660","Montréal","0621","RLS de Côte-Saint-Luc - NDG - Montréal-Ouest","3","RUISSS Université McGill","1","4","1","0","N","2007-04-03",-73.66840362548828,45.471500396728516,"Non","Non","Oui","Non","Non","Non","Non","Non","Non","Non","Non","Non","Non","2026-03-23"
"24266926","Manoir Soleil inc.","Manoir Soleil inc.","16","Montérégie","125, rue Daigneault"," ","J3L1G7","57005","Chambly","16121","Chambly-Carignan-Marieville","570","La Vallée-du-Richelieu","1612","RLS du Haut-Richelieu - Rouville","4","RUISSS Université de Sherbrooke","2","1","2","0","N","2010-02-24",-73.2959976196289,45.46139907836914,"Non","Non","Oui","Non","Non","Non","Non","Non","Non","Non","Non","Non","Non","2026-03-23"
"11044971","Centre d'hébergement et de soins de longue durée de Sainte-Thérèse inc.","CHSLD de Sainte-Thérèse inc.","15","Laurentides","179, place Fabien-Drapeau"," ","J7E5W6","73010","Sainte-Thérèse","15171","Thérèse-De Blainville","730","Thérèse-De Blainville","1517","RLS de Thérèse-De Blainville","2","RUISSS Université de Montréal","2","1","4","0","N","2014-05-05",-73.84089660644531,45.649200439453125,"Non","Non","Oui","Non","Non","Non","Non","Non","Non","Non","Non","Non","Non","2026-03-23"
"12582292","Centre Miriam","Centre Miriam","06","Montréal","8160, chemin Royden"," ","H4P2T2","66072","Mont-Royal","06222","Mont-Royal","660","Montréal","0622","RLS de Côte-des-Neiges - Métro - Parc-Extension","3","RUISSS Université McGill","1","4","1","0","N","2007-04-04",-73.66190338134766,45.49639892578125,"Non","Non","Non","Non","Non","Oui","Non","Non","Non","Non","Non","Non","Non","2026-03-23"
"29530060","Centre d'hébergement et de soins de longue durée Bourget inc.","CHSLD Bourget inc.","06","Montréal","11570, rue Notre-Dame Est"," ","H1B2X4","66023","Montréal","06523","Pointe-aux-Trembles","660","Montréal","0652","RLS de Rivière-des-Prairies - Anjou - Montréal-Est","2","RUISSS Université de Montréal","2","1","2","0","N","2010-02-24",-73.4927978515625,45.6338005065918,"Non","Non","Oui","Non","Non","Non","Non","Non","Non","Non","Non","Non","Non","2026-03-23"
"16802522","Conseil de la Nation Huronne Wendat","Conseil de la Nation Huronne Wendat","03","Capitale-Nationale","255, place Chef Michel Laveau"," ","G0A4V0","23802","Wendake","03131","Loretteville - Val-Bélair","230","Québec","0313","RLS de Québec-Nord","1","RUISSS Université Laval","2","0","4","0","N","2010-02-24",-71.35710144042969,46.86259841918945,"Non","Non","Oui","Non","Non","Non","Non","Non","Non","Non","Non","Non","Non","2026-03-23"
"11045044","Centre d'hébergement et de soins de longue durée Angus inc.","Centre d'hébergement et de soins de longue durée Angus","06","Montréal","3200, rue Omer-Lavallée"," ","H1Y3P5","66023","Montréal","06531","Rosemont","660","Montréal","0653","RLS de Hochelaga - Mercier-Ouest - Rosemont","2","RUISSS Université de Montréal","2","1","2","0","N","2014-04-07",-73.56060028076172,45.54650115966797,"Non","Non","Oui","Non","Non","Non","Non","Non","Non","Non","Non","Non","Non","2026-03-23"
"11055290","Centre d'hébergement et de soins de longue durée Notre-Dame","Centre d'hébergement et de soins de longue durée Notre-","03","Capitale-Nationale","990, rue Gérard-Morisset"," ","G1S1X6","23027","Québec","03124","Québec - Haute-Ville","230","Québec","0312","RLS de Québec-Sud","1","RUISSS Université Laval","2","4","2","0","N"," ",-71.45030212402344,46.737998962402344,"Non","Non","Oui","Non","Non","Non","Non","Non","Non","Non","Non","Non","Non","2026-03-23"
"11042280","Centre Le Cardinal inc.","Centre Le Cardinal inc.","06","Montréal","12900, rue Notre-Dame Est"," ","H1A1R9","66023","Montréal","06523","Pointe-aux-Trembles","660","Montréal","0652","RLS de Rivière-des-Prairies - Anjou - Montréal-Est","2","RUISSS Université de Montréal","2","1","2","0","N","2010-02-24",-73.48829650878906,45.65250015258789,"Non","Non","Oui","Non","Non","Non","Non","Non","Non","Non","Non","Non","Non","2026-03-23"
"11045390","Centre d'hébergement et de soins de longue durée Louise-Faubert inc.","CHSLD Louise-Faubert inc.","14","Lanaudière","751, rue Marcel-De La Sablonnière"," ","J6Y0M4","64008","Terrebonne","14121","Les Moulins","640","Les Moulins","1412","RLS de Lanaudière-Sud","2","RUISSS Université de Montréal","2","1","2","0","N"," ",-73.72859954833984,45.687198638916016,"Non","Non","Oui","Non","Non","Non","Non","Non","Non","Non","Non","Non","Non","2026-03-23"
"11043536","Le CHSLD des Premières Nations du Timiskaming","Le CHSLD des Premières Nations du Timiskaming","08","Abitibi-Témiscamingue","20, avenue Algonquin"," ","J0Z3B0","85090","Notre-Dame-du-Nord"," "," ","850","Témiscamingue"," "," "," "," ","2","4","4","0","N","2010-02-24",-79.47039794921875,47.606998443603516,"Non","Non","Oui","Non","Non","Non","Non","Non","Non","Non","Non","Non","Non","2026-03-23"
"11044823","Centre d'hébergement et de soins de longue durée Providence - Saint-Joseph inc.","CHSLD Providence - Saint-Joseph inc.","06","Montréal","5605, rue Beaubien Est"," ","H1T1X4","66023","Montréal","06531","Rosemont","660","Montréal","0653","RLS de Hochelaga - Mercier-Ouest - Rosemont","2","RUISSS Université de Montréal","2","1","2","0","N","2011-09-19",-73.56749725341797,45.57889938354492,"Non","Non","Oui","Non","Non","Non","Non","Non","Non","Non","Non","Non","Non","2026-03-23"
"12797577","Institut national de psychiatrie légale Philippe-Pinel","Institut national de psychiatrie légale Philippe-Pinel","06","Montréal","10905, boulevard Henri-Bourassa Est"," ","H1C1H1","66023","Montréal","06521","Rivière-des-Prairies","660","Montréal","0652","RLS de Rivière-des-Prairies - Anjou - Montréal-Est","2","RUISSS Université de Montréal","1","4","1","0","N"," ",-73.53359985351562,45.65610122680664,"Oui","Non","Non","Non","Non","Non","Non","Non","Non","Non","Non","Non","Non","2026-03-23"
"12326849","Résidence Angelica","Résidence Angelica","06","Montréal","3435, boulevard Gouin Est"," ","H1H1B1","66023","Montréal","06422","Montréal-Nord","660","Montréal","0642","RLS d'Ahuntsic - Montréal-Nord","2","RUISSS Université de Montréal","2","1","2","0","N","2010-02-24",-73.65129852294922,45.589900970458984,"Non","Non","Oui","Non","Non","Non","Non","Non","Non","Non","Non","Non","Non","2026-03-23"
"26370254","Centre d'accueil Saint-Joseph de Lévis inc.","Centre d'accueil Saint-Joseph de Lévis inc.","12","Chaudière-Appalaches","5445, rue Saint-Louis"," ","G6V4G9","25213","Lévis","12113","Desjardins","251","Lévis","1211","RLS Alphonse-Desjardins","1","RUISSS Université Laval","2","1","2","0","N","2010-02-24",-71.1886978149414,46.79909896850586,"Non","Non","Oui","Non","Non","Non","Non","Non","Non","Non","Non","Non","Non","2026-03-23"
"11044989","Centre de réadaptation en dépendance du Nouveau Départ inc.","Centre de réadapt. en dépendance du Nouveau Départ inc.","06","Montréal","1110, avenue Beaumont"," ","H3P3E5","66072","Mont-Royal","06222","Mont-Royal","660","Montréal","0622","RLS de Côte-des-Neiges - Métro - Parc-Extension","3","RUISSS Université McGill","2","1","4","0","N","2014-04-07",-73.62239837646484,45.522300720214844,"Non","Non","Non","Non","Non","Non","Non","Non","Non","Non","Non","Non","Oui","2026-03-23"
"12653192","Centre d'hébergement et de soins de longue durée Heather inc.","CHSLD Heather inc.","14","Lanaudière","3931, Lakeshore Drive"," ","J0K1S0","62037","Rawdon","14111","Matawinie","620","Matawinie","1411","RLS de Lanaudière-Nord","2","RUISSS Université de Montréal","2","1","2","0","N","2010-02-24",-73.70220184326172,46.050899505615234,"Non","Non","Oui","Non","Non","Non","Non","Non","Non","Non","Non","Non","Non","2026-03-23"
"13625587","Manoir St-Patrice inc.","Manoir St-Patrice inc.","13","Laval","3615, boulevard Perron"," ","H7V1P4","65005","Laval","13114","Chomedey","650","Laval","1311","RLS de Laval","2","RUISSS Université de Montréal","2","3","2","0","N","2010-02-24",-73.74099731445312,45.54180145263672,"Non","Non","Oui","Non","Non","Non","Non","Non","Non","Non","Non","Non","Non","2026-03-23"
"28609360","Résidence Sorel-Tracy inc.","Résidence Sorel-Tracy inc.","16","Montérégie","4025, rue Frontenac"," ","J3R4G8","53052","Sorel-Tracy","16231","Bas Richelieu","530","Pierre-De Saurel","1623","RLS Pierre-De Saurel","2","RUISSS Université de Montréal","2","1","2","0","N","2010-02-24",-73.1436996459961,46.0281982421875,"Non","Non","Oui","Non","Non","Non","Non","Non","Non","Non","Non","Non","Non","2026-03-23"
"17524224","88980 Canada inc.","88980 Canada inc.","06","Montréal","34, avenue Woodland"," ","H9W4V9","66107","Beaconsfield","06111","Lac Saint-Louis","660","Montréal","0611","RLS de Pierrefonds - Lac Saint-Louis","3","RUISSS Université McGill","2","6","4","0","N","2010-02-24",-73.88359832763672,45.41889953613281,"Non","Non","Oui","Non","Non","Non","Non","Non","Non","Non","Non","Non","Non","2026-03-23"
"11053436","Centre d'hébergement et de soins de longue durée L.-B.-Desjardins inc.","CHSLD L.-B.-Desjardins inc.","15","Laurentides","55, avenue Hochar"," ","J0R1R6","77043","Saint-Sauveur","15131","Les Pays-d'en-Haut","770","Les Pays-d'en-Haut","1513","RLS des Pays-d'en-Haut","2","RUISSS Université de Montréal","2","2","2","0","N"," ",-74.15699768066406,45.889198303222656,"Non","Non","Oui","Non","Non","Non","Non","Non","Non","Non","Non","Non","Non","2026-03-23"
"13000732","Les cèdres - Centre d'accueil pour personnes âgées","Les cèdres - Centre d'accueil pour personnes âgées","06","Montréal","1275, boulevard de la Côte-Vertu","suite 200","H4L4V2","66023","Montréal","06412","Saint-Laurent","660","Montréal","0641","RLS du Nord de l'Île - Saint-Laurent","2","RUISSS Université de Montréal","2","4","2","0","N","2010-02-24",-73.67990112304688,45.516998291015625,"Non","Non","Oui","Non","Non","Non","Non","Non","Non","Non","Non","Non","Non","2026-03-23"
"11168606","Centre de réadaptation Lethbridge-Layton-Mackay","Centre de réadaptation Lethbridge-Layton-Mackay","06","Montréal","7005, boulevard De Maisonneuve Ouest"," ","H4B1T3","66023","Montréal","06212","Notre-Dame-de-Grâce - Montréal-Ouest","660","Montréal","0621","RLS de Côte-Saint-Luc - NDG - Montréal-Ouest","3","RUISSS Université McGill","1","4","1","6","N","2007-04-04",-73.63410186767578,45.45830154418945,"Non","Non","Non","Non","Non","Non","Oui","Oui","Oui","Non","Non","Non","Non","2026-03-23"
"11044948","Centre d'hébergement et de soins de longue durée Wales inc.","Centre d'hébergement et de soins de longue durée Wales","05","Estrie","506, Route 243"," ","J0B2H0","42110","Cleveland","05161","Val Saint-François","420","Le Val-Saint-François","0516","RLS de Val Saint-François","4","RUISSS Université de Sherbrooke","2","1","2","0","N","2012-04-12",-72.17379760742188,45.67539978027344,"Non","Non","Oui","Non","Non","Non","Non","Non","Non","Non","Non","Non","Non","2026-03-23"
"11044682","Groupe Champlain inc.","Groupe Champlain inc.","06","Montréal","7150, rue Marie-Victorin"," ","H1G2J5","66023","Montréal","06521","Rivière-des-Prairies","660","Montréal","0652","RLS de Rivière-des-Prairies - Anjou - Montréal-Est","2","RUISSS Université de Montréal","2","1","2","0","N","2010-02-24",-73.60369873046875,45.6161003112793,"Non","Non","Oui","Non","Non","Non","Non","Non","Non","Non","Non","Non","Non","2026-03-23"
"12383907","Résidence Berthiaume-Du Tremblay","Résidence Berthiaume-Du Tremblay","06","Montréal","1635, boulevard Gouin Est"," ","H2C1C2","66023","Montréal","06421","Ahuntsic","660","Montréal","0642","RLS d'Ahuntsic - Montréal-Nord","2","RUISSS Université de Montréal","2","1","2","0","N","2010-02-24",-73.66310119628906,45.56740188598633,"Non","Non","Oui","Non","Non","Non","Non","Non","Non","Non","Non","Non","Non","2026-03-23"
"12704573","La résidence de Lachute","La résidence de Lachute","15","Laurentides","377, rue Principale"," ","J8H1Y1","76020","Lachute","15141","Argenteuil","760","Argenteuil","1514","RLS d'Argenteuil","2","RUISSS Université de Montréal","1","4","1","0","N","2007-04-04",-74.33930206298828,45.65660095214844,"Non","Non","Oui","Non","Non","Non","Non","Non","Non","Non","Non","Non","Non","2026-03-23"
"11045028","Centre d'hébergement et de soins de longue durée de Granby S.E.C.","CHSLD de Granby S.E.C.","05","Estrie","80, rue Godue"," ","J2J2Z7","47017","Granby","05121","Haute-Yamaska","470","La Haute-Yamaska","0512","RLS de la Haute-Yamaska","4","RUISSS Université de Sherbrooke","2","0","2","0","N"," ",-72.76219940185547,45.407501220703125,"Non","Non","Oui","Non","Non","Non","Non","Non","Non","Non","Non","Non","Non","2026-03-23"
"12536637","Centre de réadaptation en déficience intellectuelle et en troubles envahissants du développement de l'Estrie","CRDITED de l'Estrie","05","Estrie","1621, rue Prospect"," ","J1J1K4","43027","Sherbrooke","05151","Sherbrooke","430","Sherbrooke","0515","RLS de Sherbrooke","4","RUISSS Université de Sherbrooke","1","4","1","0","N","2007-04-02",-71.91519927978516,45.410099029541016,"Non","Non","Non","Non","Non","Oui","Non","Non","Non","Non","Non","Non","Non","2026-03-23"
"13727060","Institut universitaire en santé mentale Douglas","Institut universitaire en santé mentale Douglas","06","Montréal","6875, boulevard Lasalle"," ","H4H1R3","66023","Montréal","06313","Verdun","660","Montréal","0631","RLS de Verdun - Côte St-Paul - St-Henri - Pointe-St-Charles","2","RUISSS Université de Montréal","1","6","1","2","N","2007-04-03",-73.58439636230469,45.442100524902344,"Oui","Non","Non","Non","Non","Non","Non","Non","Non","Non","Non","Non","Non","2026-03-23"
"28639839","Centre d’hébergement et de soins de longue durée Manoir Harwood inc.","CHSLD Manoir Harwood inc.","16","Montérégie","170, rue Boileau"," ","J7V8A3","71083","Vaudreuil-Dorion","16311","Vaudreuil-Soulanges","710","Vaudreuil-Soulanges","1631","RLS de Vaudreuil-Soulanges","3","RUISSS Université McGill","2","1","2","0","N","2010-02-24",-74.04129791259766,45.40340042114258,"Non","Non","Oui","Non","Non","Non","Non","Non","Non","Non","Non","Non","Non","2026-03-23"
"11053444","Centre d'hébergement et de soins de longue durée des Patriotes inc.","CHSLD des Patriotes inc.","15","Laurentides","20865, chemin de la Côte N, bureau 101"," ","J7E4H5","73005","Boisbriand","15171","Thérèse-De Blainville","730","Thérèse-De Blainville","1517","RLS de Thérèse-De Blainville","2","RUISSS Université de Montréal","2","1","2","0","N"," ",-73.67739868164062,45.60559844970703,"Non","Non","Oui","Non","Non","Non","Non","Non","Non","Non","Non","Non","Non","2026-03-23"
"16419616","Villa Belle Rive inc.","Villa Belle Rive inc.","06","Montréal","5320, boulevard Gouin Est"," ","H1G1B4","66023","Montréal","06422","Montréal-Nord","660","Montréal","0642","RLS d'Ahuntsic - Montréal-Nord","2","RUISSS Université de Montréal","2","1","2","0","N","2010-02-24",-73.63569641113281,45.61360168457031,"Non","Non","Oui","Non","Non","Non","Non","Non","Non","Non","Non","Non","Non","2026-03-23"
"11755501","CHSLD Providence Notre-Dame de Lourdes inc.","CHSLD Providence Notre-Dame de Lourdes inc.","06","Montréal","1870, boulevard Pie-IX"," ","H1V2C6","66023","Montréal","06533","Hochelaga-Maisonneuve","660","Montréal","0653","RLS de Hochelaga - Mercier-Ouest - Rosemont","2","RUISSS Université de Montréal","2","1","2","0","N","2010-02-24",-73.54070281982422,45.549800872802734,"Non","Non","Oui","Non","Non","Non","Non","Non","Non","Non","Non","Non","Non","2026-03-23"
"24470528","Conseil Mohawk d'Akwesasne","Conseil Mohawk d'Akwesasne","16","Montérégie","95, Snye School road"," ","H0M1A1","69802","Akwesasne","16331","Haut-Saint-Laurent","690","Le Haut-Saint-Laurent","1633","RLS du Haut-Saint-Laurent","3","RUISSS Université McGill","2","0","4","0","N","2010-02-24",-74.60250091552734,45.00870132446289,"Non","Non","Oui","Non","Non","Non","Non","Non","Non","Non","Non","Non","Non","2026-03-23"
"11044955","CHSLD Age3 inc.","CHSLD Age3 inc.","13","Laval","4410, boulevard Saint-Martin Ouest"," ","H7T1C3","65005","Laval","13114","Chomedey","650","Laval","1311","RLS de Laval","2","RUISSS Université de Montréal","2","1","2","0","N","2012-04-26",-73.7677001953125,45.547000885009766,"Non","Non","Oui","Non","Non","Non","Non","Non","Non","Non","Non","Non","Non","2026-03-23"
"11044807","Centre d'hébergement et de soins de longue durée du Château-sur-le-Lac-de-Sainte-Geneviève inc.","CHSLD du Château-sur-le-Lac-de-Sainte-Geneviève inc.","06","Montréal","16289, boulevard Gouin Ouest"," ","H9H1E2","66023","Montréal","06112","Pierrefonds","660","Montréal","0611","RLS de Pierrefonds - Lac Saint-Louis","3","RUISSS Université McGill","2","1","8","0","N","2010-02-24",-73.87449645996094,45.47800064086914,"Non","Non","Oui","Non","Non","Non","Non","Non","Non","Non","Non","Non","Non","2026-03-23"
"13317037","Pavillon Bellevue inc.","Pavillon Bellevue inc.","12","Chaudière-Appalaches","99, rue Monseigneur-Bourget"," ","G6V9V2","25213","Lévis","12113","Desjardins","251","Lévis","1211","RLS Alphonse-Desjardins","1","RUISSS Université Laval","2","3","2","0","N","2010-02-24",-71.15670013427734,46.81909942626953,"Non","Non","Oui","Non","Non","Non","Non","Non","Non","Non","Non","Non","Non","2026-03-23"
"29530078","Centre d'hébergement et de soins de longue durée Bussey (Québec) inc.","CHSLD Bussey (Québec) inc.","06","Montréal","2069, boulevard Saint-Joseph"," ","H8S4B7","66023","Montréal","06121","Lachine","660","Montréal","0612","RLS de Dorval - Lachine - Lasalle","3","RUISSS Université McGill","2","1","2","0","N","2010-02-24",-73.68329620361328,45.433101654052734,"Non","Non","Oui","Non","Non","Non","Non","Non","Non","Non","Non","Non","Non","2026-03-23"
"15103658","Centre d'accueil Le Programme de Portage inc.","Centre d'accueil Le Programme de Portage inc.","06","Montréal","865, place Richmond"," ","H3J1V8","66023","Montréal","06311","Saint-Henri","660","Montréal","0631","RLS de Verdun - Côte St-Paul - St-Henri - Pointe-St-Charles","2","RUISSS Université de Montréal","2","1","6","0","N","2010-02-24",-73.57250213623047,45.491798400878906,"Non","Non","Non","Non","Non","Non","Non","Non","Non","Non","Non","Non","Oui","2026-03-23"
"11042603","Groupe Roy Santé inc.","Groupe Roy Santé inc.","06","Montréal","3550, rue Saint-Urbain"," ","H2X4C5","66023","Montréal","06225","Métro","660","Montréal","0622","RLS de Côte-des-Neiges - Métro - Parc-Extension","3","RUISSS Université McGill","2","1","2","0","N","2010-02-24",-73.5728988647461,45.51219940185547,"Non","Non","Oui","Non","Non","Non","Non","Non","Non","Non","Non","Non","Non","2026-03-23"
"11045077","Centre d'hébergement et de soins de longue durée Groupe-Santé-Arbec inc.","CHSLD Groupe-Santé-Arbec inc.","14","Lanaudière","3931, rue Lakeshore Drive"," ","J0K1S0","62037","Rawdon","14111","Matawinie","620","Matawinie","1411","RLS de Lanaudière-Nord","2","RUISSS Université de Montréal","2","1","2","0","N","2014-07-30",-73.70220184326172,46.050899505615234,"Non","Non","Oui","Non","Non","Non","Non","Non","Non","Non","Non","Non","Non","2026-03-23"
"11084464","Centre de soins prolongés Grace Dart","Centre de soins prolongés Grace Dart","06","Montréal","5155, rue Sainte-Catherine Est"," ","H1V2A5","66023","Montréal","06533","Hochelaga-Maisonneuve","660","Montréal","0653","RLS de Hochelaga - Mercier-Ouest - Rosemont","2","RUISSS Université de Montréal","1","6","1","0","N","2007-04-04",-73.52890014648438,45.55950164794922,"Non","Non","Oui","Non","Non","Non","Non","Non","Non","Non","Non","Non","Non","2026-03-23"
"11043890","Centre d'hébergement de la Marée inc.","Centre d'hébergement de la Marée inc.","06","Montréal","7015, boulevard Gouin Est"," ","H1E5N2","66023","Montréal","06521","Rivière-des-Prairies","660","Montréal","0652","RLS de Rivière-des-Prairies - Anjou - Montréal-Est","2","RUISSS Université de Montréal","2","1","2","0","N","2010-02-24",-73.61900329589844,45.63010025024414,"Non","Non","Oui","Non","Non","Non","Non","Non","Non","Non","Non","Non","Non","2026-03-23"
"11053139","Centre d'hébergement et de soins de longue durée Marguerite-Rocheleau inc.","CHSLD Marguerite-Rocheleau inc.","14","Lanaudière","751, rue Marcel-De La Sablonnière"," ","J6Y0M4","64008","Terrebonne","14121","Les Moulins","640","Les Moulins","1412","RLS de Lanaudière-Sud","2","RUISSS Université de Montréal","2","2","2","0","N"," ",-73.72859954833984,45.687198638916016,"Non","Non","Oui","Non","Non","Non","Non","Non","Non","Non","Non","Non","Non","2026-03-23"
"23182884","Centre d'hébergement St-François inc.","Centre d'hébergement St-François inc.","02","Saguenay–Lac-Saint-Jean","912, rue Jacques-Cartier Est"," ","G7H2A9","94068","Saguenay","02151","Saguenay","941","Saguenay","0215","RLS de Chicoutimi","1","RUISSS Université Laval","2","1","2","0","N","2010-02-23",-71.03949737548828,48.423099517822266,"Non","Non","Oui","Non","Non","Non","Non","Non","Non","Non","Non","Non","Non","2026-03-23"
"11044831","Maison des aînés de Saint-Timothée inc.","Maison des aînés de Saint-Timothée inc.","16","Montérégie","1, rue des Aînés"," ","J6S6M8","70052","Salaberry-de-Valleyfield","16321","Valleyfield-Beauharnois","700","Beauharnois-Salaberry","1632","RLS du Suroît","3","RUISSS Université McGill","2","1","2","0","N","2011-11-09",-74.03669738769531,45.289398193359375,"Non","Non","Oui","Non","Non","Non","Non","Non","Non","Non","Non","Non","Non","2026-03-23"
"27368703","Centre d'accueil Marcelle-Ferron inc.","Centre d'accueil Marcelle-Ferron inc.","16","Montérégie","8600, boulevard Marie-Victorin"," ","J4X1A1","58007","Brossard","16111","Brossard - Saint-Lambert","580","Longueuil","1611","RLS de Champlain","2","RUISSS Université de Montréal","2","1","2","0","N","2010-02-24",-73.49440002441406,45.44609832763672,"Non","Non","Oui","Non","Non","Non","Non","Non","Non","Non","Non","Non","Non","2026-03-23"